fold,target,horizon,nominal,offset,coverage_raw,coverage_conformal,pinball_raw,mean_margin_over_median
0,rb,1,0.8,-0.0664815902709961,0.8199764150943396,0.8159198113207548,1.5763225555419922,4.3053765296936035
0,rb,1,0.9,-0.21948587894439697,0.9170283018867924,0.9116745283018868,1.110396385192871,7.273427963256836
0,rb,1,0.95,-1.7328071594238281,0.966816037735849,0.9522405660377359,0.7555041909217834,10.082717895507812
0,rb,1,0.99,-6.139762878417969,0.9976650943396227,0.9896226415094339,0.39838120341300964,33.015926361083984
0,rb,2,0.8,-0.12302947044372559,0.8232991744947339,0.816135306955119,1.6859091520309448,4.531986713409424
0,rb,2,0.9,-0.33480262756347656,0.9176866875415125,0.9096214062055223,1.177485704421997,7.63624382019043
0,rb,2,0.95,-1.6328191757202148,0.9675728247461809,0.9559018882246892,0.7942884564399719,10.776430130004883
0,rb,2,0.99,-6.840305328369141,0.9975329727678148,0.9887797703766961,0.40551263093948364,32.816062927246094
0,rb,3,0.8,-0.10817527770996094,0.823914590747331,0.8185527876631079,1.7372773885726929,4.605477333068848
0,rb,3,0.9,-0.3696575164794922,0.918932384341637,0.9097271648873072,1.2146753072738647,7.7154107093811035
0,rb,3,0.95,-1.4747400283813477,0.9680664294187425,0.9576986951364176,0.81483393907547,11.161961555480957
0,rb,3,0.99,-6.866668701171875,0.9975800711743772,0.9888018979833927,0.40663933753967285,32.70880889892578
0,rb,4,0.8,-0.07329893112182617,0.8242704626334519,0.8200474495848161,1.7633132934570312,4.659843444824219
0,rb,4,0.9,-0.3244199752807617,0.9204982206405694,0.9126215895610913,1.2320681810379028,7.832737922668457
0,rb,4,0.95,-1.393728256225586,0.9683036773428233,0.9578173190984579,0.8254019021987915,11.306093215942383
0,rb,4,0.99,-6.701240539550781,0.9975563463819691,0.9891103202846975,0.40687093138694763,32.8347282409668
0,rb,5,0.8,-0.07102394104003906,0.8261921708185054,0.8223962040332147,1.786681890487671,4.64552116394043
0,rb,5,0.9,-0.2872142791748047,0.9197864768683274,0.9134519572953737,1.2460542917251587,7.818775177001953
0,rb,5,0.95,-1.5052680969238281,0.9682562277580071,0.9569869513641756,0.8359944224357605,11.233470916748047
0,rb,5,0.99,-6.847206115722656,0.9975563463819691,0.9891577698695136,0.4072631299495697,32.59747314453125
0,rb,6,0.8,-0.062328338623046875,0.8268090154211151,0.8233689205219454,1.8032139539718628,4.651068687438965
0,rb,6,0.9,-0.26020121574401855,0.9194306049822064,0.9137603795966786,1.2589843273162842,7.9030680656433105
0,rb,6,0.95,-1.4725885391235352,0.9670462633451957,0.9563463819691578,0.8427843451499939,11.256505012512207
0,rb,6,0.99,-6.950534820556641,0.9973902728351127,0.9888018979833927,0.407356858253479,32.43257522583008
0,vol,1,0.9,-0.19217804074287415,0.9036084905660378,0.9027122641509434,59.62287902832031,383.47314453125
0,vol,2,0.9,9.8348388671875,0.9031691811367303,0.9077474143656894,64.21208190917969,417.2165222167969
0,vol,3,0.9,13.94482421875,0.9054329774614472,0.9118861209964413,65.86507415771484,425.04864501953125
0,vol,4,0.9,12.88736343383789,0.9050296559905101,0.9103914590747331,67.02296447753906,423.38800048828125
0,vol,5,0.9,17.6221923828125,0.904673784104389,0.9125504151838671,68.04623413085938,429.0548095703125
0,vol,6,0.9,11.303390502929688,0.9041755634638197,0.9089916963226572,68.40856170654297,423.20184326171875
1,rb,1,0.8,-0.20758819580078125,0.7788203132239829,0.7626262626262627,1.5942540168762207,4.145197868347168
1,rb,1,0.9,-0.6396703720092773,0.8978315262718932,0.8748494115466593,1.096825122833252,6.91623067855835
1,rb,1,0.95,-2.0616016387939453,0.9614030210360486,0.9394402743026596,0.7382197380065918,9.84411907196045
1,rb,1,0.99,-5.83154296875,0.9973589102029469,0.9896441479010286,0.3938556909561157,33.549556732177734
1,rb,2,0.8,-0.28884389996528625,0.769344824390696,0.7501390047261607,1.7490479946136475,4.366908550262451
1,rb,2,0.9,-0.6768084764480591,0.8903484385135761,0.8671578166991011,1.1977202892303467,7.370129108428955
1,rb,2,0.95,-2.2217369079589844,0.9559818367157816,0.9308914836437773,0.7955853939056396,10.332206726074219
1,rb,2,0.99,-6.300571441650391,0.9968492262070243,0.9877907515522194,0.39747393131256104,33.45029067993164
1,rb,3,0.8,-0.31622862815856934,0.765522194421277,0.7444166434992123,1.8344790935516357,4.4094624519348145
1,rb,3,0.9,-0.7422943115234375,0.8867111481790381,0.8622694838291168,1.2558231353759766,7.457951068878174
1,rb,3,0.95,-2.2993850708007812,0.9539662681864517,0.9277175423964414,0.8275868892669678,10.46815299987793
1,rb,3,0.99,-6.030128479003906,0.9964553794829024,0.9877212491891391,0.399563193321228,33.85127258300781
1,rb,4,0.8,-0.3505859375,0.7625335928088222,0.739319803539987,1.88618803024292,4.501072406768799
1,rb,4,0.9,-0.7890558242797852,0.8846260772866278,0.8585858585858586,1.287774920463562,7.541511535644531
1,rb,4,0.95,-2.2405614852905273,0.9514873505699194,0.9261653229543138,0.8454864621162415,10.675317764282227
1,rb,4,0.99,-6.164157867431641,0.9963627096654619,0.9874200722824577,0.40035656094551086,33.75550842285156
1,rb,5,0.8,-0.3475923538208008,0.7624409229913817,0.738717449726624,1.9162112474441528,4.459913730621338
1,rb,5,0.9,-0.8354003429412842,0.8811277916782504,0.8535121860809934,1.3055795431137085,7.414247035980225
1,rb,5,0.95,-2.257723331451416,0.9495181169493097,0.9234315633398202,0.8557558059692383,10.588088035583496
1,rb,5,0.99,-6.1329345703125,0.9958298582151793,0.9870725604670558,0.4017728865146637,33.724273681640625
1,rb,6,0.8,-0.3349117040634155,0.759660828468168,0.7381614308219813,1.9464216232299805,4.44835090637207
1,rb,6,0.9,-0.7959582805633545,0.8799230840515244,0.8532110091743119,1.3269931077957153,7.43466329574585
1,rb,6,0.95,-2.1843414306640625,0.9476647206005004,0.9228523769808173,0.8681635856628418,10.616466522216797
1,rb,6,0.99,-6.102687835693359,0.9959225280326198,0.9875590770086183,0.4018978774547577,33.74425506591797
1,vol,1,0.9,-1.7120168209075928,0.8874061718098415,0.8805254378648875,58.86948776245117,383.5660400390625
1,vol,2,0.9,-1.683837890625,0.8798767491428042,0.8734593642850523,63.52995681762695,411.5346984863281
1,vol,3,0.9,-2.7873082160949707,0.8776990084329533,0.8702390881289964,66.49977111816406,417.5618591308594
1,vol,4,0.9,-3.029611587524414,0.8744555648225373,0.8670419794273005,68.15033721923828,421.7028503417969
1,vol,5,0.9,-2.7370665073394775,0.8742933926420164,0.8668103048836994,68.93588256835938,423.1316833496094
1,vol,6,0.9,-2.421630859375,0.8729728477434899,0.8660457788898156,69.28179931640625,422.2200927734375
2,rb,1,0.8,0.414215087890625,0.7986833569592273,0.8242954277888566,1.5437610149383545,4.751610279083252
2,rb,1,0.9,0.18079662322998047,0.9105259364263233,0.9148026236755484,1.0744664669036865,7.68459939956665
2,rb,1,0.95,-1.0457496643066406,0.9662189759976935,0.9580019701592946,0.7324806451797485,10.84099006652832
2,rb,1,0.99,-5.1452178955078125,0.9972129453881454,0.9903894668556739,0.3898312747478485,33.83607482910156
2,rb,2,0.8,0.6130733489990234,0.7987314096249489,0.8333293289445232,1.6688188314437866,5.321854114532471
2,rb,2,0.9,0.5102787017822266,0.9073784868215564,0.9186468369332789,1.169854760169983,8.543889999389648
2,rb,2,0.95,-0.43724822998046875,0.962494894404267,0.9589389971408664,0.7950405478477478,12.05744743347168
2,rb,2,0.99,-4.953758239746094,0.996876576728094,0.9904855721871171,0.39795997738838196,34.409061431884766
2,rb,3,0.8,0.7428188323974609,0.7963768290045891,0.8360683308906561,1.7253812551498413,5.520260810852051
2,rb,3,0.9,0.7459487915039062,0.9042070108839287,0.9204728382307008,1.2153249979019165,8.902388572692871
2,rb,3,0.95,-0.19047164916992188,0.9625669734028495,0.9614137094255304,0.8257741928100586,12.545405387878418
2,rb,3,0.99,-4.495841979980469,0.9961798130751304,0.990629730184282,0.4032750427722931,34.999752044677734
2,rb,4,0.8,0.8263206481933594,0.7939982220513683,0.8365248312150116,1.7559762001037598,5.637138366699219
2,rb,4,0.9,0.8774642944335938,0.9044232478796761,0.9216741548737416,1.232003092765808,9.123991012573242
2,rb,4,0.95,0.129638671875,0.9612935777612263,0.9621344994113549,0.8407706618309021,12.974374771118164
2,rb,4,0.99,-4.176628112792969,0.9960116287451046,0.9910862305086374,0.4058131277561188,35.362892150878906
2,rb,5,0.8,0.9261074066162109,0.7914994834338435,0.838182648182408,1.7826004028320312,5.793594837188721
2,rb,5,0.9,0.9696483612060547,0.9040628528867639,0.922659234521035,1.2463380098342896,9.330556869506836
2,rb,5,0.95,0.31098365783691406,0.9606448667739843,0.9629273683957618,0.850071907043457,13.29272174835205
2,rb,5,0.99,-4.258399963378906,0.9957473390836357,0.9909660988443334,0.40713971853256226,35.34489822387695
2,rb,6,0.8,1.0058937072753906,0.7909228514451839,0.839480070156892,1.8018743991851807,5.869847297668457
2,rb,6,0.9,1.1120080947875977,0.9024290622522284,0.9247975781456477,1.2564952373504639,9.486344337463379
2,rb,6,0.95,0.43302345275878906,0.9600442084524639,0.9631916580572307,0.8549244999885559,13.422286987304688
2,rb,6,0.99,-4.252967834472656,0.995699286417914,0.9909901251771942,0.40750133991241455,35.36424255371094
2,vol,1,0.9,24.92615509033203,0.8992575863146008,0.9122077797265803,55.94575881958008,404.3830871582031
2,vol,2,0.9,44.917144775390625,0.8965906633670503,0.9160760193171716,60.547332763671875,449.24383544921875
2,vol,3,0.9,55.271514892578125,0.8934432137622834,0.9173494149587949,62.82215881347656,466.1254577636719
2,vol,4,0.9,62.7333984375,0.891809423127748,0.9177818889502896,64.16614532470703,477.17919921875
2,vol,5,0.9,66.3736572265625,0.8900795271617693,0.9180221522788977,65.19050598144531,484.5873107910156
2,vol,6,0.9,68.31512451171875,0.88921457917878,0.9185747579346965,65.64315795898438,487.6829528808594
