horizon,feature,gain
1,rb_t,17157.87890625
1,lvol_t,350.4343566894531
1,users_t,15092.328125
1,rrc_t,1359.366455078125
1,cqi_t,195.07962036132812
1,mimo_t,152.9914093017578
1,energy_ru_t,253.75918579101562
1,ul_dl_ratio_t,156.803955078125
1,rb_lag_1,1892.98583984375
1,rb_lag_2,278.43194580078125
1,rb_lag_3,156.63597106933594
1,rb_lag_4,179.9098358154297
1,rb_lag_8,357.9174499511719
1,rb_lag_12,146.2809295654297
1,rb_lag_24,171.61875915527344
1,rb_lag_48,143.74082946777344
1,rb_lag_96,133.9335479736328
1,lvol_lag_1,133.27801513671875
1,lvol_lag_4,122.1655044555664
1,lvol_lag_96,129.31666564941406
1,rb_mean_1h,13562.1103515625
1,lvol_mean_1h,190.57351684570312
1,rb_mean_4h,253.4656219482422
1,lvol_mean_4h,112.95945739746094
1,rb_mean_24h,688.9525146484375
1,lvol_mean_24h,167.21641540527344
1,rb_std_4h,254.52406311035156
1,rb_max_4h,325.0742492675781
1,rb_min_4h,185.0359344482422
1,rb_zero_share_4h,85.79547119140625
1,obs_share_24h,244.3692169189453
1,rb_trend_1h,139.27456665039062
1,slot_sin_t,544.6092529296875
1,slot_cos_t,592.9480590820312
1,dow_t,249.6757049560547
1,weekend_t,281.00897216796875
1,holiday_t,81.9229507446289
1,slot_sin_target,469.7261657714844
1,slot_cos_target,745.7971801757812
1,dow_target,317.5200500488281
1,weekend_target,242.51113891601562
1,holiday_target,88.64653778076172
1,rb_same_slot_1d,1568.3455810546875
1,rb_same_slot_7d,506.35546875
1,rb_seasmean_7d,4801.1591796875
1,lvol_same_slot_1d,175.84219360351562
1,lvol_same_slot_7d,285.7763977050781
1,lvol_seasmean_7d,580.5783081054688
1,cell_rb_mean,469.4049072265625
1,cell_rb_p90,477.1958923339844
1,cell_idle_share,170.32168579101562
1,cell_lvol_mean,77.0667724609375
6,rb_t,360.60711669921875
6,lvol_t,298.5289611816406
6,users_t,337.23016357421875
6,rrc_t,288.8365173339844
6,cqi_t,145.79888916015625
6,mimo_t,187.62344360351562
6,energy_ru_t,359.1664733886719
6,ul_dl_ratio_t,131.3118896484375
6,rb_lag_1,264.9237060546875
6,rb_lag_2,284.5627136230469
6,rb_lag_3,196.93772888183594
6,rb_lag_4,182.98204040527344
6,rb_lag_8,219.46714782714844
6,rb_lag_12,220.83901977539062
6,rb_lag_24,220.4764862060547
6,rb_lag_48,187.51295471191406
6,rb_lag_96,240.85157775878906
6,lvol_lag_1,233.61001586914062
6,lvol_lag_4,175.40188598632812
6,lvol_lag_96,138.52041625976562
6,rb_mean_1h,520.86962890625
6,lvol_mean_1h,279.4788513183594
6,rb_mean_4h,256.334716796875
6,lvol_mean_4h,283.38812255859375
6,rb_mean_24h,3041.894287109375
6,lvol_mean_24h,231.6868438720703
6,rb_std_4h,152.4902801513672
6,rb_max_4h,227.269287109375
6,rb_min_4h,309.00091552734375
6,rb_zero_share_4h,398.5979919433594
6,obs_share_24h,400.9419860839844
6,rb_trend_1h,111.09014892578125
6,slot_sin_t,547.94677734375
6,slot_cos_t,508.4919738769531
6,dow_t,740.571533203125
6,weekend_t,483.03729248046875
6,holiday_t,149.98165893554688
6,slot_sin_target,402.91864013671875
6,slot_cos_target,421.7992858886719
6,dow_target,1195.269287109375
6,weekend_target,309.6562194824219
6,holiday_target,113.51412200927734
6,rb_same_slot_1d,4819.75537109375
6,rb_same_slot_7d,1628.51611328125
6,rb_seasmean_7d,17897.4140625
6,lvol_same_slot_1d,1051.5350341796875
6,lvol_same_slot_7d,512.5843505859375
6,lvol_seasmean_7d,4300.5537109375
6,cell_rb_mean,913.739501953125
6,cell_rb_p90,1346.2386474609375
6,cell_idle_share,482.0093994140625
6,cell_lvol_mean,291.5390319824219
