fold,target,horizon,model,n,mae,rmse,wape,bias
0,rb,1,xgb,42400,3.761296033859253,5.838873863220215,0.2723328471183777,-0.5563580393791199
0,rb,1,persistence,42400,4.894766330718994,7.495584964752197,0.354400634765625,0.03727712109684944
0,rb,1,seasonal_naive_1d,42400,5.903777122497559,9.104626655578613,0.4274570345878601,0.3620999753475189
0,rb,1,seasonal_naive_7d,42400,6.078747749328613,9.181926727294922,0.44012561440467834,1.803372859954834
0,rb,1,seasonal_mean_7d,42400,5.093637943267822,7.521161079406738,0.36879971623420715,1.1576660871505737
0,rb,2,xgb,42156,4.015740871429443,6.1599578857421875,0.2912672460079193,-0.37878677248954773
0,rb,2,persistence,42156,6.112461566925049,9.095921516418457,0.44334524869918823,0.061200059950351715
0,rb,2,seasonal_naive_1d,42156,5.897233486175537,9.099194526672363,0.42773446440696716,0.38377195596694946
0,rb,2,seasonal_naive_7d,42156,6.072580814361572,9.176398277282715,0.4404526650905609,1.8139232397079468
0,rb,2,seasonal_mean_7d,42156,5.089869976043701,7.51791524887085,0.3691753149032593,1.1595354080200195
0,rb,3,xgb,42150,4.164669513702393,6.360078811645508,0.30247190594673157,-0.2110431045293808
0,rb,3,persistence,42150,7.287510395050049,10.627985000610352,0.5292778015136719,0.09013310074806213
0,rb,3,seasonal_naive_1d,42150,5.8895416259765625,9.086448669433594,0.4277460277080536,0.3958244323730469
0,rb,3,seasonal_naive_7d,42150,6.06893253326416,9.165669441223145,0.4407748579978943,1.828614354133606
0,rb,3,seasonal_mean_7d,42150,5.087240695953369,7.5112409591674805,0.36947646737098694,1.168005108833313
0,rb,4,xgb,42150,4.2526750564575195,6.4768967628479,0.3089895248413086,-0.11166532337665558
0,rb,4,persistence,42150,8.430943489074707,12.107563972473145,0.6125727891921997,0.09470059722661972
0,rb,4,seasonal_naive_1d,42150,5.888479232788086,9.089024543762207,0.42784327268600464,0.39061257243156433
0,rb,4,seasonal_naive_7d,42150,6.064032554626465,9.15641975402832,0.44059857726097107,1.8216196298599243
0,rb,4,seasonal_mean_7d,42150,5.084225177764893,7.508605480194092,0.3694080412387848,1.1657791137695312
0,rb,5,xgb,42150,4.306578636169434,6.55204439163208,0.31268978118896484,-0.008395153097808361
0,rb,5,persistence,42150,9.442687034606934,13.369429588317871,0.6856096386909485,0.09099786728620529
0,rb,5,seasonal_naive_1d,42150,5.89424467086792,9.096125602722168,0.4279662072658539,0.37503892183303833
0,rb,5,seasonal_naive_7d,42150,6.071712493896484,9.169339179992676,0.44085168838500977,1.8153399229049683
0,rb,5,seasonal_mean_7d,42150,5.083268642425537,7.507833480834961,0.36908331513404846,1.1515891551971436
0,rb,6,xgb,42150,4.3412652015686035,6.603651523590088,0.31489765644073486,0.027134153991937637
0,rb,6,persistence,42150,10.24410629272461,14.349266052246094,0.743065595626831,0.1056109145283699
0,rb,6,seasonal_naive_1d,42150,5.9053497314453125,9.107644081115723,0.42834997177124023,0.3644251227378845
0,rb,6,seasonal_naive_7d,42150,6.082736968994141,9.187335968017578,0.4412168860435486,1.8206876516342163
0,rb,6,seasonal_mean_7d,42150,5.0839948654174805,7.510020732879639,0.3687722086906433,1.1425268650054932
0,vol,1,xgb,42400,199.88653564453125,321.7383117675781,0.3027426600456238,-49.540496826171875
0,vol,1,persistence,42400,254.22120666503906,397.1605529785156,0.385036438703537,1.371767282485962
0,vol,1,seasonal_naive_1d,42400,308.5648193359375,477.9787902832031,0.4673437774181366,14.946857452392578
0,vol,1,seasonal_naive_7d,42400,314.8905334472656,475.2500915527344,0.47692450881004333,70.2294921875
0,vol,1,seasonal_mean_7d,42400,258.16339111328125,382.6311950683594,0.3910071849822998,45.469852447509766
0,vol,2,xgb,42156,212.40809631347656,339.822509765625,0.32229334115982056,-48.211875915527344
0,vol,2,persistence,42156,310.5892028808594,470.57733154296875,0.47126656770706177,2.7181432247161865
0,vol,2,seasonal_naive_1d,42156,308.22906494140625,477.24200439453125,0.46768543124198914,15.777718544006348
0,vol,2,seasonal_naive_7d,42156,314.49066162109375,474.58013916015625,0.47718632221221924,70.73113250732422
0,vol,2,seasonal_mean_7d,42156,257.92254638671875,382.2803649902344,0.3913538157939911,45.63653564453125
0,vol,3,xgb,42150,218.51817321777344,346.8492431640625,0.33203697204589844,-38.88111877441406
0,vol,3,persistence,42150,363.7168273925781,534.6781005859375,0.5526654124259949,4.17077112197876
0,vol,3,seasonal_naive_1d,42150,307.731201171875,476.0940856933594,0.4675956070423126,16.37911033630371
0,vol,3,seasonal_naive_7d,42150,314.5459899902344,474.0841064453125,0.47795066237449646,71.31464385986328
0,vol,3,seasonal_mean_7d,42150,257.8460998535156,381.8227233886719,0.3917955160140991,46.158756256103516
0,vol,4,xgb,42150,222.4383087158203,351.0373840332031,0.3381788730621338,-31.476594924926758
0,vol,4,persistence,42150,411.9358825683594,595.1937866210938,0.6262770295143127,4.476357460021973
0,vol,4,seasonal_naive_1d,42150,307.5793151855469,476.4422912597656,0.46762096881866455,16.328699111938477
0,vol,4,seasonal_naive_7d,42150,314.4401550292969,474.0086669921875,0.47805169224739075,71.0761947631836
0,vol,4,seasonal_mean_7d,42150,257.6766662597656,381.8079833984375,0.3917526304721832,46.15362548828125
0,vol,5,xgb,42150,226.00350952148438,356.3641357421875,0.3434096574783325,-28.06827735900879
0,vol,5,persistence,42150,455.6224060058594,647.8676147460938,0.6923128366470337,4.57731294631958
0,vol,5,seasonal_naive_1d,42150,307.7993469238281,476.6925048828125,0.46769747138023376,15.507098197937012
0,vol,5,seasonal_naive_7d,42150,314.5145568847656,474.4979553222656,0.4779011309146881,70.71747589111328
0,vol,5,seasonal_mean_7d,42150,257.6434631347656,382.1554260253906,0.39148619771003723,45.468509674072266
0,vol,6,xgb,42150,227.89869689941406,358.1793518066406,0.3459699749946594,-25.899961471557617
0,vol,6,persistence,42150,488.30694580078125,685.5352783203125,0.7412922978401184,5.11575174331665
0,vol,6,seasonal_naive_1d,42150,308.13836669921875,477.0651550292969,0.4677807688713074,14.797710418701172
0,vol,6,seasonal_naive_7d,42150,314.9490051269531,475.2227478027344,0.4781198799610138,70.88951110839844
0,vol,6,seasonal_mean_7d,42150,257.8171081542969,382.3364562988281,0.3913887143135071,44.973331451416016
1,rb,1,xgb,43164,3.8769547939300537,6.040797710418701,0.27008676528930664,-1.4032255411148071
1,rb,1,persistence,43164,4.983781337738037,7.5638861656188965,0.3471934497356415,-0.055935267359018326
1,rb,1,seasonal_naive_1d,43164,5.80399227142334,8.897217750549316,0.4043331742286682,-0.374397873878479
1,rb,1,seasonal_naive_7d,43164,6.50460147857666,9.9955415725708,0.45314088463783264,-0.5325926542282104
1,rb,1,seasonal_mean_7d,43164,5.293050289154053,8.001036643981934,0.3687385618686676,-0.892091691493988
1,rb,2,xgb,43164,4.206664562225342,6.516735076904297,0.29305586218833923,-1.5695827007293701
1,rb,2,persistence,43164,6.300264835357666,9.330446243286133,0.43890583515167236,-0.08457326143980026
1,rb,2,seasonal_naive_1d,43164,5.80399227142334,8.897217750549316,0.4043331742286682,-0.374397873878479
1,rb,2,seasonal_naive_7d,43164,6.50460147857666,9.9955415725708,0.45314088463783264,-0.5325926542282104
1,rb,2,seasonal_mean_7d,43164,5.293050289154053,8.001036643981934,0.3687385618686676,-0.892091691493988
1,rb,3,xgb,43164,4.39914608001709,6.813924789428711,0.3064650595188141,-1.594391107559204
1,rb,3,persistence,43164,7.5392842292785645,10.983999252319336,0.5252217054367065,-0.09211240708827972
1,rb,3,seasonal_naive_1d,43164,5.80399227142334,8.897217750549316,0.4043331742286682,-0.374397873878479
1,rb,3,seasonal_naive_7d,43164,6.50460147857666,9.9955415725708,0.45314088463783264,-0.5325926542282104
1,rb,3,seasonal_mean_7d,43164,5.293050289154053,8.001036643981934,0.3687385618686676,-0.892091691493988
1,rb,4,xgb,43164,4.531594753265381,7.038959980010986,0.3156920075416565,-1.6175988912582397
1,rb,4,persistence,43164,8.733734130859375,12.502640724182129,0.6084326505661011,-0.08700075000524521
1,rb,4,seasonal_naive_1d,43164,5.80399227142334,8.897217750549316,0.4043331742286682,-0.374397873878479
1,rb,4,seasonal_naive_7d,43164,6.50460147857666,9.9955415725708,0.45314088463783264,-0.5325926542282104
1,rb,4,seasonal_mean_7d,43164,5.293050289154053,8.001036643981934,0.3687385618686676,-0.892091691493988
1,rb,5,xgb,43164,4.647441864013672,7.246349334716797,0.3237625062465668,-1.5535365343093872
1,rb,5,persistence,43164,9.792532920837402,13.777312278747559,0.6821935176849365,-0.07809610664844513
1,rb,5,seasonal_naive_1d,43164,5.80399227142334,8.897217750549316,0.4043331742286682,-0.374397873878479
1,rb,5,seasonal_naive_7d,43164,6.50460147857666,9.9955415725708,0.45314088463783264,-0.5325926542282104
1,rb,5,seasonal_mean_7d,43164,5.293050289154053,8.001036643981934,0.3687385618686676,-0.892091691493988
1,rb,6,xgb,43164,4.726264953613281,7.373124599456787,0.3292536735534668,-1.523555874824524
1,rb,6,persistence,43164,10.650152206420898,14.76163387298584,0.7419393062591553,-0.06917060911655426
1,rb,6,seasonal_naive_1d,43164,5.80399227142334,8.897217750549316,0.4043331742286682,-0.374397873878479
1,rb,6,seasonal_naive_7d,43164,6.50460147857666,9.9955415725708,0.45314088463783264,-0.5325926542282104
1,rb,6,seasonal_mean_7d,43164,5.293050289154053,8.001036643981934,0.3687385618686676,-0.892091691493988
1,vol,1,xgb,43164,203.59481811523438,326.06982421875,0.2987877428531647,-82.31787109375
1,vol,1,persistence,43164,257.9736328125,400.9930114746094,0.378591924905777,-2.0170929431915283
1,vol,1,seasonal_naive_1d,43164,299.3248596191406,459.4977111816406,0.4392773509025574,-15.314581871032715
1,vol,1,seasonal_naive_7d,43164,331.2389831542969,508.1689147949219,0.4861132800579071,-20.250246047973633
1,vol,1,seasonal_mean_7d,43164,262.5501403808594,392.6167907714844,0.38530823588371277,-33.91483688354492
1,vol,2,xgb,43164,219.89590454101562,348.77069091796875,0.3227105736732483,-96.03900146484375
1,vol,2,persistence,43164,317.7088928222656,475.9833679199219,0.4662570357322693,-3.2696542739868164
1,vol,2,seasonal_naive_1d,43164,299.3248596191406,459.4977111816406,0.4392773509025574,-15.314581871032715
1,vol,2,seasonal_naive_7d,43164,331.2389831542969,508.1689147949219,0.4861132800579071,-20.250246047973633
1,vol,2,seasonal_mean_7d,43164,262.5501403808594,392.6167907714844,0.38530823588371277,-33.91483688354492
1,vol,3,xgb,43164,227.62086486816406,359.2012634277344,0.33404740691185,-98.55654907226562
1,vol,3,persistence,43164,370.97314453125,542.1271362304688,0.5444255471229553,-3.7512307167053223
1,vol,3,seasonal_naive_1d,43164,299.3248596191406,459.4977111816406,0.4392773509025574,-15.314581871032715
1,vol,3,seasonal_naive_7d,43164,331.2389831542969,508.1689147949219,0.4861132800579071,-20.250246047973633
1,vol,3,seasonal_mean_7d,43164,262.5501403808594,392.6167907714844,0.38530823588371277,-33.91483688354492
1,vol,4,xgb,43164,234.31637573242188,369.2443542480469,0.3438734710216522,-97.7166976928711
1,vol,4,persistence,43164,422.5335998535156,604.2716674804688,0.6200936436653137,-3.4032347202301025
1,vol,4,seasonal_naive_1d,43164,299.3248596191406,459.4977111816406,0.4392773509025574,-15.314581871032715
1,vol,4,seasonal_naive_7d,43164,331.2389831542969,508.1689147949219,0.4861132800579071,-20.250246047973633
1,vol,4,seasonal_mean_7d,43164,262.5501403808594,392.6167907714844,0.38530823588371277,-33.91483688354492
1,vol,5,xgb,43164,237.92691040039062,374.44732666015625,0.3491721451282501,-97.61293029785156
1,vol,5,persistence,43164,468.2747802734375,658.9470825195312,0.6872215867042542,-2.839276075363159
1,vol,5,seasonal_naive_1d,43164,299.3248596191406,459.4977111816406,0.4392773509025574,-15.314581871032715
1,vol,5,seasonal_naive_7d,43164,331.2389831542969,508.1689147949219,0.4861132800579071,-20.250246047973633
1,vol,5,seasonal_mean_7d,43164,262.5501403808594,392.6167907714844,0.38530823588371277,-33.91483688354492
1,vol,6,xgb,43164,239.89996337890625,376.98297119140625,0.3520677387714386,-95.7733154296875
1,vol,6,persistence,43164,503.95172119140625,698.5118408203125,0.7395796775817871,-2.490194082260132
1,vol,6,seasonal_naive_1d,43164,299.3248596191406,459.4977111816406,0.4392773509025574,-15.314581871032715
1,vol,6,seasonal_naive_7d,43164,331.2389831542969,508.1689147949219,0.4861132800579071,-20.250246047973633
1,vol,6,seasonal_mean_7d,43164,262.5501403808594,392.6167907714844,0.38530823588371277,-33.91483688354492
2,rb,1,xgb,41621,3.7126150131225586,5.7856221199035645,0.26743224263191223,-1.00626540184021
2,rb,1,persistence,41621,4.861655235290527,7.34835147857666,0.35020148754119873,0.01289613451808691
2,rb,1,seasonal_naive_1d,41621,6.030941963195801,9.364095687866211,0.43442919850349426,0.06012903153896332
2,rb,1,seasonal_naive_7d,41621,6.102114200592041,9.476561546325684,0.43955597281455994,0.0429321713745594
2,rb,1,seasonal_mean_7d,41621,4.851045608520508,7.24896764755249,0.34943726658821106,0.4073786735534668
2,rb,2,xgb,41621,3.9839491844177246,6.208352565765381,0.2869773805141449,-1.1121269464492798
2,rb,2,persistence,41621,6.196017265319824,9.174307823181152,0.446320116519928,0.01926719769835472
2,rb,2,seasonal_naive_1d,41621,6.030941963195801,9.364095687866211,0.43442919850349426,0.06012903153896332
2,rb,2,seasonal_naive_7d,41621,6.102114200592041,9.476561546325684,0.43955597281455994,0.0429321713745594
2,rb,2,seasonal_mean_7d,41621,4.851045608520508,7.24896764755249,0.34943726658821106,0.4073786735534668
2,rb,3,xgb,41621,4.1058759689331055,6.433166980743408,0.2957601547241211,-1.1265236139297485
2,rb,3,persistence,41621,7.391639709472656,10.703325271606445,0.5324448347091675,0.02336296997964382
2,rb,3,seasonal_naive_1d,41621,6.030941963195801,9.364095687866211,0.43442919850349426,0.06012903153896332
2,rb,3,seasonal_naive_7d,41621,6.102114200592041,9.476561546325684,0.43955597281455994,0.0429321713745594
2,rb,3,seasonal_mean_7d,41621,4.851045608520508,7.24896764755249,0.34943726658821106,0.4073786735534668
2,rb,4,xgb,41621,4.178145408630371,6.560967922210693,0.30096596479415894,-1.1387066841125488
2,rb,4,persistence,41621,8.50583267211914,12.121448516845703,0.6127039790153503,0.023893235251307487
2,rb,4,seasonal_naive_1d,41621,6.030941963195801,9.364095687866211,0.43442919850349426,0.06012903153896332
2,rb,4,seasonal_naive_7d,41621,6.102114200592041,9.476561546325684,0.43955597281455994,0.0429321713745594
2,rb,4,seasonal_mean_7d,41621,4.851045608520508,7.24896764755249,0.34943726658821106,0.4073786735534668
2,rb,5,xgb,41621,4.264617919921875,6.720678329467773,0.30719485878944397,-1.1761263608932495
2,rb,5,persistence,41621,9.536026954650879,13.380030632019043,0.6869122982025146,0.02534923329949379
2,rb,5,seasonal_naive_1d,41621,6.030941963195801,9.364095687866211,0.43442919850349426,0.06012903153896332
2,rb,5,seasonal_naive_7d,41621,6.102114200592041,9.476561546325684,0.43955597281455994,0.0429321713745594
2,rb,5,seasonal_mean_7d,41621,4.851045608520508,7.24896764755249,0.34943726658821106,0.4073786735534668
2,rb,6,xgb,41621,4.3037028312683105,6.7828497886657715,0.31001031398773193,-1.1698452234268188
2,rb,6,persistence,41621,10.391927719116211,14.370753288269043,0.7485657334327698,0.02417433261871338
2,rb,6,seasonal_naive_1d,41621,6.030941963195801,9.364095687866211,0.43442919850349426,0.06012903153896332
2,rb,6,seasonal_naive_7d,41621,6.102114200592041,9.476561546325684,0.43955597281455994,0.0429321713745594
2,rb,6,seasonal_mean_7d,41621,4.851045608520508,7.24896764755249,0.34943726658821106,0.4073786735534668
2,vol,1,xgb,41621,192.74375915527344,300.5303649902344,0.2929113805294037,-59.667449951171875
2,vol,1,persistence,41621,249.25677490234375,374.67706298828125,0.3787938058376312,0.4883284568786621
2,vol,1,seasonal_naive_1d,41621,302.36163330078125,460.21026611328125,0.4594969153404236,3.335653781890869
2,vol,1,seasonal_naive_7d,41621,310.4155578613281,474.49169921875,0.4717364013195038,3.2631709575653076
2,vol,1,seasonal_mean_7d,41621,241.8688201904297,355.13677978515625,0.36756637692451477,16.407405853271484
2,vol,2,xgb,41621,206.97076416015625,323.0964050292969,0.3145320415496826,-69.36742401123047
2,vol,2,persistence,41621,309.97576904296875,454.5482177734375,0.47106805443763733,0.6265731453895569
2,vol,2,seasonal_naive_1d,41621,302.36163330078125,460.21026611328125,0.4594969153404236,3.335653781890869
2,vol,2,seasonal_naive_7d,41621,310.4155578613281,474.49169921875,0.4717364013195038,3.2631709575653076
2,vol,2,seasonal_mean_7d,41621,241.8688201904297,355.13677978515625,0.36756637692451477,16.407405853271484
2,vol,3,xgb,41621,213.35325622558594,334.21728515625,0.32423147559165955,-70.98762512207031
2,vol,3,persistence,41621,362.7464904785156,521.6836547851562,0.5512633919715881,0.7543727159500122
2,vol,3,seasonal_naive_1d,41621,302.36163330078125,460.21026611328125,0.4594969153404236,3.335653781890869
2,vol,3,seasonal_naive_7d,41621,310.4155578613281,474.49169921875,0.4717364013195038,3.2631709575653076
2,vol,3,seasonal_mean_7d,41621,241.8688201904297,355.13677978515625,0.36756637692451477,16.407405853271484
2,vol,4,xgb,41621,217.7205810546875,341.7077941894531,0.3308684527873993,-70.38107299804688
2,vol,4,persistence,41621,411.0436706542969,581.9468994140625,0.6246601939201355,0.7144309878349304
2,vol,4,seasonal_naive_1d,41621,302.36163330078125,460.21026611328125,0.4594969153404236,3.335653781890869
2,vol,4,seasonal_naive_7d,41621,310.4155578613281,474.49169921875,0.4717364013195038,3.2631709575653076
2,vol,4,seasonal_mean_7d,41621,241.8688201904297,355.13677978515625,0.36756637692451477,16.407405853271484
2,vol,5,xgb,41621,219.83132934570312,345.3377380371094,0.3340761661529541,-71.67999267578125
2,vol,5,persistence,41621,455.4032897949219,636.4867553710938,0.6920732259750366,0.8030952215194702
2,vol,5,seasonal_naive_1d,41621,302.36163330078125,460.21026611328125,0.4594969153404236,3.335653781890869
2,vol,5,seasonal_naive_7d,41621,310.4155578613281,474.49169921875,0.4717364013195038,3.2631709575653076
2,vol,5,seasonal_mean_7d,41621,241.8688201904297,355.13677978515625,0.36756637692451477,16.407405853271484
2,vol,6,xgb,41621,221.5674285888672,347.93011474609375,0.336714506149292,-69.59174346923828
2,vol,6,persistence,41621,491.8167419433594,679.3563232421875,0.7474104762077332,0.7137576937675476
2,vol,6,seasonal_naive_1d,41621,302.36163330078125,460.21026611328125,0.4594969153404236,3.335653781890869
2,vol,6,seasonal_naive_7d,41621,310.4155578613281,474.49169921875,0.4717364013195038,3.2631709575653076
2,vol,6,seasonal_mean_7d,41621,241.8688201904297,355.13677978515625,0.36756637692451477,16.407405853271484
