horizon,fold,policy,sleep_share,false_sleep_rate,severe_rate,displaced_share,energy_saved_pct,capture,precision,recall
1,all,oracle,0.4902071785194795,0.0,0.0,0.15475064516067505,29.490938186645508,1.0,1.0,1.0
1,all,persistence,0.49050595589102486,0.17536266730784644,0.0036386951991664663,0.2026108205318451,23.672935485839844,0.802718997001648,0.8246373326921536,0.8251399425794345
1,all,seasonal_naive_1d,0.4902464913315249,0.2015492686682063,0.008083140877598153,0.22036972641944885,22.76747703552246,0.7720159888267517,0.7984507313317937,0.7985147641426211
1,all,seasonal_mean_7d,0.4395565514801274,0.1375011179679814,0.0033449602003398624,0.16560597717761993,21.752416610717773,0.7375966310501099,0.8624988820320186,0.7733812372688341
1,all,xgb_median,0.49594684907811454,0.13911568400526342,0.0019975585395627564,0.19134558737277985,25.036592483520508,0.8489589095115662,0.8608843159947366,0.8709641201661668
1,all,xgb_conformal_a0.2,0.33163501985297006,0.04786742217691268,0.0008772137793688803,0.08376844227313995,17.618928909301758,0.5974354147911072,0.9521325778230874,0.6441368470014596
1,all,xgb_conformal_a0.1,0.26269607265007666,0.025051629702792493,0.0005387447247912364,0.04981273412704468,13.826020240783691,0.4688226580619812,0.9749483702972075,0.5224629893980464
1,all,xgb_conformal_a0.05,0.18037504422691356,0.008805195937404647,4.3590078898042804e-05,0.020767543464899063,9.113737106323242,0.30903518199920654,0.9911948040625953,0.3647168267919868
1,all,xgb_conformal_a0.01,0.0,,,0.0,0.0,0.0,,0.0
1,all,point_thr_1,0.07400243739434682,0.005418614534636634,0.0,0.0025006411597132683,3.554508686065674,0.12052884697914124,0.9945813854653633,0.15014355141386113
1,all,point_thr_2,0.12558870936038055,0.006197959055906843,0.0,0.007866743952035904,6.0347466468811035,0.2046305537223816,0.9938020409440932,0.254607278618057
1,all,point_thr_3,0.16961119628887053,0.008993139254589283,0.0,0.016933567821979523,8.549522399902344,0.2899033725261688,0.9910068607454107,0.3428873883266236
1,all,point_thr_4,0.2129968156622243,0.014654854189737911,0.00014765596160944998,0.02924431674182415,11.019820213317871,0.37366801500320435,0.9853451458102621,0.42813607711678187
1,all,point_thr_5,0.2544403821205331,0.0227125243348475,0.00046352090479280614,0.04479454457759857,13.397355079650879,0.45428720116615295,0.9772874756651525,0.5072577670136494
1,all,point_thr_6,0.2970790580650234,0.03583527419013339,0.0006881219563836544,0.06448306888341904,15.78709888458252,0.5353203415870667,0.9641647258098666,0.5843103918392224
1,all,point_thr_8,0.3967527617250462,0.07802064961059035,0.0013475753552248271,0.12095321714878082,20.925931930541992,0.7095716595649719,0.9219793503894096,0.7462107238519897
1,all,point_thr_10,0.49594684907811454,0.13911568400526342,0.0019975585395627564,0.19134558737277985,25.036592483520508,0.8489589095115662,0.8608843159947366,0.8709641201661668
1,0,oracle,0.4987971698113208,0.0,0.0,0.15868517756462097,30.16234016418457,1.0,1.0,1.0
1,0,persistence,0.4975943396226415,0.17281258887098302,0.004218409327898379,0.20682644844055176,24.239547729492188,0.8036361932754517,0.827187411129017,0.8251926805049884
1,0,seasonal_naive_1d,0.4888207547169811,0.19034063495126893,0.008974235260059828,0.21960076689720154,23.126619338989258,0.7667381763458252,0.809659365048731,0.7934654120762211
1,0,seasonal_mean_7d,0.4252358490566038,0.11763727121464226,0.0025513033832501386,0.15330660343170166,21.558223724365234,0.7147397398948669,0.8823627287853577,0.7522341481866754
1,0,xgb_median,0.4953537735849057,0.129172023044327,0.0021425510641336952,0.18982848525047302,25.40117073059082,0.8421485424041748,0.870827976955673,0.8648163033713178
1,0,xgb_conformal_a0.2,0.3358254716981132,0.04656225858557483,0.0007022965095863473,0.08596158027648926,18.01146125793457,0.5971506237983704,0.9534377414144252,0.6419216038583384
1,0,xgb_conformal_a0.1,0.25849056603773585,0.023722627737226276,0.000364963503649635,0.04817543551325798,13.696331024169922,0.45408713817596436,0.9762773722627737,0.5059340867180482
1,0,xgb_conformal_a0.05,0.18040094339622642,0.010197411426330238,0.00013073604392731077,0.0209051501005888,9.205127716064453,0.3051861524581909,0.9898025885736698,0.3579838290226488
1,0,xgb_conformal_a0.01,0.0,,,0.0,0.0,0.0,,0.0
1,0,point_thr_1,0.07224056603773585,0.009794319294809012,0.0,0.0029387043323367834,3.489285707473755,0.11568351835012436,0.990205680705191,0.1434110359827888
1,0,point_thr_2,0.12160377358490566,0.01008533747090768,0.0,0.008103200234472752,5.8738813400268555,0.19474221765995026,0.9899146625290923,0.2413352877204596
1,0,point_thr_3,0.16566037735849057,0.011816628701594533,0.0,0.0167585127055645,8.398760795593262,0.2784518599510193,0.9881833712984055,0.32819518653364227
1,0,point_thr_4,0.20726415094339623,0.01536185707783341,0.0,0.02794201672077179,10.77172565460205,0.3571249842643738,0.9846381429221666,0.40914464040852994
1,0,point_thr_5,0.2504009433962264,0.02279363285297165,9.418856550814731e-05,0.04358123615384102,13.252054214477539,0.4393576383590698,0.9772063671470284,0.4905669298784813
1,0,point_thr_6,0.294811320754717,0.03552,0.00048,0.0636962503194809,15.764995574951172,0.5226715207099915,0.96448,0.5700505934086718
1,0,point_thr_8,0.3978301886792453,0.07345269148683899,0.0013635285748162201,0.12083497643470764,21.18450355529785,0.7023494243621826,0.926547308513161,0.7389947515248948
1,0,point_thr_10,0.4953537735849057,0.129172023044327,0.0021425510641336952,0.18982848525047302,25.40117073059082,0.8421485424041748,0.870827976955673,0.8648163033713178
1,1,oracle,0.4844546381243629,0.0,0.0,0.15055257081985474,29.011993408203125,1.0,1.0,1.0
1,1,persistence,0.4869103882865351,0.17661892753485273,0.0035209592234857496,0.19880825281143188,23.34665298461914,0.8047241568565369,0.8233810724651472,0.8275548754244177
1,1,seasonal_naive_1d,0.4953433416736169,0.20434030213741172,0.006968804078387353,0.2194366306066513,22.893606185913086,0.7891083359718323,0.7956596978625883,0.8135431112811439
1,1,seasonal_mean_7d,0.45795107033639143,0.15966003945970558,0.003440076895836495,0.17930616438388824,22.032272338867188,0.7594195604324341,0.8403399605402945,0.7943666013103151
1,1,xgb_median,0.4981466036511908,0.14552134685145568,0.0016742628592689053,0.19146862626075745,24.87546730041504,0.8574201464653015,0.8544786531485443,0.8786284730524604
1,1,xgb_conformal_a0.2,0.34304049671022147,0.05456878503410549,0.0010130343756331464,0.09020226448774338,18.101240158081055,0.6239226460456848,0.9454312149658946,0.669456267036488
1,1,xgb_conformal_a0.1,0.27476600871096285,0.028920741989881957,0.0006745362563237774,0.05552900582551956,14.446723937988281,0.4979569613933563,0.9710792580101181,0.5507627564439769
1,1,xgb_conformal_a0.05,0.19092299138170699,0.009950248756218905,0.0,0.02428853139281273,9.684640884399414,0.3338150680065155,0.9900497512437811,0.3901774185835206
1,1,xgb_conformal_a0.01,0.0,,,0.0,0.0,0.0,,0.0
1,1,point_thr_1,0.07156426651839495,0.0032372936225315637,0.0,0.001957485917955637,3.421962022781372,0.11794991046190262,0.9967627063774684,0.14724307780593945
1,1,point_thr_2,0.12459456954869799,0.0046485682409817776,0.0,0.007525578141212463,5.961793422698975,0.20549409091472626,0.9953514317590182,0.25598967050834487
1,1,point_thr_3,0.1682652210175146,0.007434944237918215,0.0,0.017026174813508987,8.462249755859375,0.29168111085891724,0.9925650557620818,0.34474678398928793
1,1,point_thr_4,0.21232971921045315,0.013311511183851609,0.0002182214948172395,0.029415827244520187,10.944242477416992,0.3772316575050354,0.9866884888161483,0.4324518196164698
1,1,point_thr_5,0.25298860161245484,0.021886446886446885,0.000641025641025641,0.044622451066970825,13.276288986206055,0.45761382579803467,0.9781135531135531,0.5107837980010521
1,1,point_thr_6,0.2979102956167176,0.036861342250563804,0.0006998989034917179,0.0653877779841423,15.766789436340332,0.5434576272964478,0.9631386577494362,0.5922720099469179
1,1,point_thr_8,0.39845704753961636,0.08064422350136635,0.001337287051572766,0.12118910998106003,20.883821487426758,0.7198340892791748,0.9193557764986336,0.7561570465305342
1,1,point_thr_10,0.4981466036511908,0.14552134685145568,0.0016742628592689053,0.19146862626075745,24.87546730041504,0.8574201464653015,0.8544786531485443,0.8786284730524604
1,2,oracle,0.48742221474736314,0.0,0.0,0.15523730218410492,29.299779891967773,1.0,1.0,1.0
1,2,persistence,0.48701376708872923,0.17671435619141587,0.0031573754316724222,0.20238545536994934,23.430755615234375,0.7996904253959656,0.8232856438085842,0.8225957509735299
1,2,seasonal_naive_1d,0.48641310876720883,0.21007656211410225,0.008347740182761175,0.2221578061580658,22.268404006958008,0.7600194811820984,0.7899234378858978,0.7882880662493222
1,2,seasonal_mean_7d,0.4350688354436462,0.13309034680804063,0.004031367351446874,0.16346517205238342,21.6610107421875,0.7392891645431519,0.8669096531919593,0.7737960270123725
1,2,xgb_median,0.4942697196126955,0.14257242854365157,0.00218743923779895,0.19276423752307892,24.830095291137695,0.8474498391151428,0.8574275714563484,0.8694730615665204
1,2,xgb_conformal_a0.2,0.3155378294610894,0.04172694738445138,0.000913728774842001,0.07461737841367722,16.7159423828125,0.5705142617225647,0.9582730526155486,0.6203480061122887
1,2,xgb_conformal_a0.1,0.2544628913288965,0.02209423095080729,0.000566518742328392,0.04534754157066345,13.314723014831543,0.45443078875541687,0.9779057690491927,0.5105239808744516
1,2,xgb_conformal_a0.05,0.16940967300160975,0.005956601900439654,0.0,0.016845660284161568,8.427504539489746,0.2876302897930145,0.9940433980995603,0.34549218711490115
1,2,xgb_conformal_a0.01,0.0,,,0.0,0.0,0.0,,0.0
1,2,point_thr_1,0.07832584512625838,0.003374233128834356,0.0,0.0026361725758761168,3.758939266204834,0.12829239666461945,0.9966257668711657,0.1601518213634347
1,2,point_thr_2,0.13067922442997526,0.004044861187718331,0.0,0.007991434074938297,6.2753682136535645,0.21417798101902008,0.9959551388122817,0.2670182875733228
1,2,point_thr_3,0.17503183489104057,0.00782429649965683,0.0,0.017013052478432655,8.794649124145508,0.3001609146595001,0.9921757035003431,0.35628727756691475
1,2,point_thr_4,0.2195286033492708,0.015322315858596914,0.0002188902265513845,0.030391298234462738,11.352581024169922,0.3874630331993103,0.9846776841414031,0.4434859762409425
1,2,point_thr_5,0.26006102688546645,0.02346637102734664,0.0006467110125646711,0.04621956869959831,13.671960830688477,0.4666232764720917,0.9765336289726534,0.5210233154236703
1,2,point_thr_6,0.29852718579563203,0.03509054325955734,0.0008853118712273642,0.06431575864553452,15.830839157104492,0.5403057336807251,0.9649094567404427,0.5909695864346626
1,2,point_thr_8,0.3938877009202085,0.07996828107844334,0.0013419543735512993,0.12082076817750931,20.704578399658203,0.706646203994751,0.9200317189215567,0.7434810469758959
1,2,point_thr_10,0.4942697196126955,0.14257242854365157,0.00218743923779895,0.19276423752307892,24.830095291137695,0.8474498391151428,0.8574275714563484,0.8694730615665204
3,all,oracle,0.49066057430968607,0.0,0.0,0.15499180555343628,29.522945404052734,1.0,1.0,1.0
3,all,persistence,0.49015637924922206,0.2703719180944421,0.016570767302066927,0.2610079050064087,20.780881881713867,0.7038891911506653,0.7296280819055578,0.7288783276066921
3,all,seasonal_naive_1d,0.4906526962618663,0.2013455146834508,0.00799601804723752,0.22059378027915955,22.797657012939453,0.7722012996673584,0.7986544853165491,0.7986416621174657
3,all,seasonal_mean_7d,0.4400913853547091,0.1374075864167696,0.0033116732005083866,0.16593654453754425,21.78757095336914,0.737987756729126,0.8625924135832304,0.7736906329276516
3,all,xgb_median,0.4879741600031512,0.14765664099707787,0.0030835795353642984,0.1927689015865326,24.254798889160156,0.8215575814247131,0.8523433590029221,0.8476766963167528
3,all,xgb_conformal_a0.2,0.319116083034624,0.054237539190757154,0.0008640481892018664,0.08122263848781586,16.699134826660156,0.5656324028968811,0.9457624608092429,0.6151054879419415
3,all,xgb_conformal_a0.1,0.24337653129554496,0.02738484446314699,0.0004855468876444502,0.04559958353638649,12.596719741821289,0.42667558789253235,0.972615155536853,0.4824347323464243
3,all,xgb_conformal_a0.05,0.1439398117146571,0.010070603688905916,0.00021892616715012863,0.014975562691688538,6.999002933502197,0.23706991970539093,0.9899293963110941,0.29040493240422594
3,all,xgb_conformal_a0.01,0.0,,,0.0,0.0,0.0,,0.0
3,all,point_thr_1,0.0725646984677197,0.0071653457822169146,0.0,0.003446493996307254,3.43827748298645,0.11646118760108948,0.992834654217783,0.1468321505410873
3,all,point_thr_2,0.12432347264347894,0.009568468411380775,0.00025346936189088145,0.009355848655104637,5.970640182495117,0.20223727822303772,0.9904315315886192,0.2509553321987091
3,all,point_thr_3,0.16972466222869972,0.013785740809506127,0.0005105829929446713,0.019667064771056175,8.5361967086792,0.28913772106170654,0.9862142591904939,0.34114190295751584
3,all,point_thr_4,0.21549612006144878,0.021349711193975288,0.0005483658697082694,0.033637162297964096,11.057365417480469,0.37453463673591614,0.9786502888060247,0.42981920940239554
3,all,point_thr_5,0.25732067593650293,0.03184030860606803,0.0007041606710957352,0.05019371956586838,13.403528213500977,0.4540037512779236,0.968159691393932,0.5077389936097106
3,all,point_thr_6,0.2979398904951353,0.04545334355747111,0.0010312276897855575,0.06923554092645645,15.63699722290039,0.5296557545661926,0.9545466564425289,0.5796217205613179
3,all,point_thr_8,0.3966203174853271,0.08966133677624391,0.0018075280564107657,0.1263549029827118,20.586761474609375,0.6973139643669128,0.9103386632237561,0.7358626890594393
3,all,point_thr_10,0.4879741600031512,0.14765664099707787,0.0030835795353642984,0.1927689015865326,24.254798889160156,0.8215575814247131,0.8523433590029221,0.8476766963167528
3,0,oracle,0.5002135231316726,0.0,0.0,0.15945634245872498,30.262754440307617,1.0,1.0,1.0
3,0,persistence,0.4969395017793594,0.2612909386040294,0.015754798052134058,0.2620340585708618,21.47781753540039,0.7097113132476807,0.7387090613959706,0.7338740276987289
3,0,seasonal_naive_1d,0.4900355871886121,0.1896877269426289,0.008714596949891068,0.22027650475502014,23.219518661499023,0.7672639489173889,0.8103122730573711,0.7938247011952191
3,0,seasonal_mean_7d,0.42676156583629893,0.11730042250389149,0.0024460751612185904,0.15420079231262207,21.6624698638916,0.7158129811286926,0.8826995774961085,0.7530829064693606
3,0,xgb_median,0.4826097271648873,0.13366433978959788,0.002654606233408711,0.18691076338291168,24.466861724853516,0.8084810376167297,0.8663356602104021,0.8358470878391198
3,0,xgb_conformal_a0.2,0.32462633451957296,0.0520353723598626,0.0007308338814587444,0.08306722342967987,17.186233520507812,0.567900538444519,0.9479646276401374,0.6152058432934927
3,0,xgb_conformal_a0.1,0.24806642941874257,0.026109410864575362,0.00038255547054322876,0.04672323167324066,12.991889953613281,0.42930299043655396,0.9738905891354246,0.48297287042306963
3,0,xgb_conformal_a0.05,0.14562277580071176,0.010589768654284784,0.0,0.014753827825188637,7.2024407386779785,0.2379968762397766,0.9894102313457153,0.28803832289888065
3,0,xgb_conformal_a0.01,0.0,,,0.0,0.0,0.0,,0.0
3,0,point_thr_1,0.07098457888493476,0.010026737967914439,0.0,0.0035297649446874857,3.425431728363037,0.1131896898150444,0.9899732620320856,0.14048567634225004
3,0,point_thr_2,0.12090154211150653,0.012951334379905808,0.00019623233908948196,0.009284133091568947,5.880564212799072,0.19431687891483307,0.9870486656200942,0.23856953139821666
3,0,point_thr_3,0.16552787663107948,0.015622760498781712,0.00028665615594094884,0.018893633037805557,8.38718032836914,0.2771453261375427,0.9843772395012182,0.32574464048567636
3,0,point_thr_4,0.20913404507710556,0.021554169030062395,0.00045377197958026093,0.03169563412666321,10.790775299072266,0.3565694987773895,0.9784458309699376,0.4090779738190097
3,0,point_thr_5,0.2537366548042705,0.031136044880785415,0.000748013090229079,0.04956447333097458,13.30029296875,0.4394938349723816,0.9688639551192146,0.4914627205463859
3,0,point_thr_6,0.29572953736654806,0.04267950260730044,0.0012033694344163659,0.06885673850774765,15.667267799377441,0.5177079439163208,0.9573204973926995,0.565974198444318
3,0,point_thr_8,0.39565836298932383,0.08364813815434431,0.001978773160640403,0.12530286610126495,20.781579971313477,0.6867048144340515,0.9163518618456556,0.7248150256118384
3,0,point_thr_10,0.4826097271648873,0.13366433978959788,0.002654606233408711,0.18691076338291168,24.466861724853516,0.8084810376167297,0.8663356602104021,0.8358470878391198
3,1,oracle,0.4844546381243629,0.0,0.0,0.15055257081985474,29.011993408203125,1.0,1.0,1.0
3,1,persistence,0.4868177184690946,0.2746870984628563,0.017798505686955693,0.2594279944896698,20.41522979736328,0.7036824822425842,0.7253129015371437,0.7288508440533691
3,1,seasonal_naive_1d,0.4953433416736169,0.20434030213741172,0.006968804078387353,0.2194366306066513,22.893606185913086,0.7891083359718323,0.7956596978625883,0.8135431112811439
3,1,seasonal_mean_7d,0.45795107033639143,0.15966003945970558,0.003440076895836495,0.17930616438388824,22.032272338867188,0.7594195604324341,0.8403399605402945,0.7943666013103151
3,1,xgb_median,0.4902465017143916,0.15731770710268891,0.002599121024526251,0.19424524903297424,23.970876693725586,0.8262403011322021,0.8426822928973111,0.8527569221940605
3,1,xgb_conformal_a0.2,0.33444537114261885,0.06483790523690773,0.0011083402604599613,0.09111063182353973,17.343608856201172,0.597808301448822,0.9351620947630923,0.6455932284443594
3,1,xgb_conformal_a0.1,0.2585487906588824,0.03449820788530466,0.0005376344086021505,0.05330771580338478,13.343557357788086,0.45993247628211975,0.9655017921146953,0.5152790397398498
3,1,xgb_conformal_a0.05,0.17264386989157632,0.014090177133655395,0.00040257648953301127,0.02264634519815445,8.563942909240723,0.295186311006546,0.9859098228663447,0.35134618143560803
3,1,xgb_conformal_a0.01,0.0,,,0.0,0.0,0.0,,0.0
3,1,point_thr_1,0.0730238161430822,0.006979695431472081,0.0,0.003356996225193143,3.4254801273345947,0.11807117611169815,0.993020304568528,0.14968198555784037
3,1,point_thr_2,0.12420072282457603,0.010445812348442454,0.00037306472673008767,0.009796669706702232,5.911298751831055,0.20375363528728485,0.9895541876515576,0.2536942279183205
3,1,point_thr_3,0.1671763506625892,0.015105321507760533,0.0005543237250554324,0.01988724246621132,8.342808723449707,0.28756412863731384,0.9848946784922394,0.3398689684854861
3,1,point_thr_4,0.2136502641089797,0.022121014964216004,0.0005421817393190197,0.03379606083035469,10.874092102050781,0.3748137056827545,0.977878985035784,0.4312562766008321
3,1,point_thr_5,0.25521267723102586,0.0329520697167756,0.0007262164124909223,0.049973372370004654,13.212509155273438,0.4554154574871063,0.9670479302832244,0.5094447898235378
3,1,point_thr_6,0.2975396163469558,0.04905395935529082,0.0010900879856731293,0.06999731063842773,15.494100570678711,0.5340584516525269,0.9509460406447092,0.5840466739993305
3,1,point_thr_8,0.39859605226577705,0.0952048823016565,0.0016855565242662016,0.1278090924024582,20.4729061126709,0.7056704759597778,0.9047951176983435,0.7444407249772846
3,1,point_thr_10,0.4902465017143916,0.15731770710268891,0.002599121024526251,0.19424524903297424,23.970876693725586,0.8262403011322021,0.8426822928973111,0.8527569221940605
3,2,oracle,0.48742221474736314,0.0,0.0,0.15523730218410492,29.299779891967773,1.0,1.0,1.0
3,2,persistence,0.48674947742726027,0.27528505849252183,0.016140974381756257,0.26166534423828125,20.45056915283203,0.6979769468307495,0.7247149415074782,0.7237146941391038
3,2,seasonal_naive_1d,0.48641310876720883,0.21007656211410225,0.008347740182761175,0.2221578061580658,22.268404006958008,0.7600194811820984,0.7899234378858978,0.7882880662493222
3,2,seasonal_mean_7d,0.4350688354436462,0.13309034680804063,0.004031367351446874,0.16346517205238342,21.6610107421875,0.7392891645431519,0.8669096531919593,0.7737960270123725
3,2,xgb_median,0.49105019100934627,0.151580389470594,0.004012134259712301,0.19711682200431824,24.333507537841797,0.83050137758255,0.848419610529406,0.8547345590772416
3,2,xgb_conformal_a0.2,0.29763821147978187,0.04431708104617372,0.0007265095253471101,0.0687355101108551,15.534120559692383,0.5301787257194519,0.9556829189538263,0.5835756888647903
3,2,xgb_conformal_a0.1,0.22289228994978497,0.020265171930581007,0.0005389673385792821,0.03618365153670311,11.419084548950195,0.3897327482700348,0.979734828069419,0.4480209000837975
3,2,xgb_conformal_a0.05,0.11246726412147715,0.002990813928647725,0.00021362956633198035,0.0069623892195522785,5.16752290725708,0.17636728286743164,0.9970091860713522,0.23004879972396117
3,2,xgb_conformal_a0.01,0.0,,,0.0,0.0,0.0,,0.0
3,2,point_thr_1,0.073688762884121,0.004564721225953701,0.0,0.0034582673106342554,3.464643716812134,0.1182481124997139,0.9954352787740463,0.15049046187213486
3,2,point_thr_2,0.1279161961509815,0.005447032306536439,0.00018782870022539445,0.008955083787441254,6.1239752769470215,0.20901095867156982,0.9945529676934636,0.2610045842164933
3,2,point_thr_3,0.1766175728598544,0.010746837165011564,0.0006801795674057951,0.020213980227708817,8.888691902160645,0.3033705949783325,0.9892531628349884,0.35845615418741067
3,2,point_thr_4,0.22385334326421757,0.020392830310185683,0.0006439841150584952,0.03543298691511154,11.519111633300781,0.39314669370651245,0.9796071696898143,0.4498940208014985
3,2,point_thr_5,0.26313639749165085,0.031409788166544925,0.0006391526661796933,0.05106767266988754,13.706937789916992,0.4678170680999756,0.9685902118334551,0.5228964361413713
3,2,point_thr_6,0.30059345042166213,0.0445208216769243,0.0007992966189753017,0.06880111992359161,15.754486083984375,0.5376997590065002,0.9554791783230757,0.5892443436683591
3,2,point_thr_8,0.39554551788760484,0.08995930267873413,0.0017615258458361174,0.12585875391960144,20.506521224975586,0.6998865008354187,0.9100406973212659,0.7385024892788485
3,2,point_thr_10,0.49105019100934627,0.151580389470594,0.004012134259712301,0.19711682200431824,24.333507537841797,0.83050137758255,0.848419610529406,0.8547345590772416
6,all,oracle,0.49064481821404654,0.0,0.0,0.15495440363883972,29.51901626586914,1.0,1.0,1.0
6,all,persistence,0.4896443061409383,0.4011552137467218,0.047785304007851595,0.35731154680252075,16.939678192138672,0.5738564133644104,0.5988447862532782,0.5976236351958896
6,all,seasonal_naive_1d,0.4905581596880293,0.20133613836740594,0.008093915110247474,0.22053863108158112,22.78891944885254,0.7720080614089966,0.7986638616325941,0.7985228002569043
6,all,seasonal_mean_7d,0.4400598731634301,0.13743532823716859,0.0033477147818614726,0.1658778190612793,21.78176498413086,0.737889289855957,0.8625646717628315,0.7736351958895311
6,all,xgb_median,0.48711545279079843,0.15077953163410532,0.003266916806831414,0.19395048916339874,24.095701217651367,0.8162771463394165,0.8492204683658947,0.8431117533718689
6,all,xgb_conformal_a0.2,0.31022964509394574,0.05259148277000432,0.0010411640722212347,0.07791607826948166,16.209394454956055,0.5491170287132263,0.9474085172299956,0.5990366088631984
6,all,xgb_conformal_a0.1,0.23650687359672273,0.026348222910629226,0.0005995802937943439,0.04330495372414589,12.20044994354248,0.41330814361572266,0.9736517770893708,0.4693320488118176
6,all,xgb_conformal_a0.05,0.13536061763894908,0.011058084041438715,0.0002910022116168083,0.01397902611643076,6.519557476043701,0.2208595871925354,0.9889419159585613,0.2728323699421965
6,all,xgb_conformal_a0.01,0.0,,,0.0,0.0,0.0,,0.0
6,all,point_thr_1,0.0723756253200457,0.00783716120605203,0.00032654838358550127,0.00392058165743947,3.4529545307159424,0.11697389930486679,0.992162838793948,0.14635517019910083
6,all,point_thr_2,0.12666325284594476,0.01225276775718373,0.0004975743251648215,0.010683278553187847,6.102697372436523,0.20673783123493195,0.9877472322428162,0.25499357739242134
6,all,point_thr_3,0.17356914956473785,0.01661220043572985,0.0005900508351488744,0.021543320268392563,8.752334594726562,0.29649817943573,0.9833877995642701,0.34788053949903663
6,all,point_thr_4,0.21710324181667784,0.023622904419769213,0.0006168807605776907,0.03502684831619263,11.152454376220703,0.3778057396411896,0.9763770955802308,0.43203275529865126
6,all,point_thr_5,0.2570291881671722,0.03328633605100227,0.0007969104395267578,0.05094847083091736,13.376359939575195,0.453143835067749,0.9667136639489977,0.506422607578677
6,all,point_thr_6,0.296561232126679,0.046620975454255656,0.0010625863351397301,0.06967736780643463,15.541335105895996,0.5264855027198792,0.9533790245457443,0.576252408477842
6,all,point_thr_8,0.3929885374404223,0.09059016919252666,0.0019846042819340872,0.12572525441646576,20.345752716064453,0.6892422437667847,0.9094098308074733,0.7284039820166988
6,all,point_thr_10,0.48711545279079843,0.15077953163410532,0.003266916806831414,0.19395048916339874,24.095701217651367,0.8162771463394165,0.8492204683658947,0.8431117533718689
6,0,oracle,0.5001660735468565,0.0,0.0,0.15933823585510254,30.25091552734375,1.0,1.0,1.0
6,0,persistence,0.4959667852906287,0.3858407079646018,0.04783544606553456,0.358662873506546,17.64818000793457,0.5833932161331177,0.6141592920353982,0.6090029408974481
6,0,seasonal_naive_1d,0.4897508896797153,0.1896526667635518,0.00901031826769365,0.2201087474822998,23.19327163696289,0.7666965126991272,0.8103473332364481,0.7934731050184992
6,0,seasonal_mean_7d,0.4266666666666667,0.11738211743772242,0.002557829181494662,0.1540328562259674,21.645055770874023,0.7155174016952515,0.8826178825622776,0.7529171805331563
6,0,xgb_median,0.47886120996441284,0.1341161315893777,0.0030221957986523978,0.1860780268907547,24.22079086303711,0.8006630539894104,0.8658838684106223,0.8290010435442557
6,0,xgb_conformal_a0.2,0.314282325029656,0.049973578923529854,0.001132331848720465,0.07961025089025497,16.639177322387695,0.550038754940033,0.9500264210764702,0.5969547481263637
6,0,xgb_conformal_a0.1,0.23876631079478056,0.025437201907790145,0.0005961844197138314,0.0432923249900341,12.453217506408691,0.41166412830352783,0.9745627980922098,0.46523100275116214
6,0,xgb_conformal_a0.05,0.1443890865954923,0.011501807426881366,0.00032862306933946765,0.01504652388393879,7.145106315612793,0.23619471490383148,0.9884981925731187,0.2853619201214306
6,0,xgb_conformal_a0.01,0.0,,,0.0,0.0,0.0,,0.0
6,0,point_thr_1,0.06958481613285884,0.010910330719399931,0.0006818956699624957,0.0038274149410426617,3.341672420501709,0.1104651615023613,0.9890896692806,0.13760554027132152
6,0,point_thr_2,0.12351126927639383,0.014214368036880523,0.000384172109104879,0.010472793132066727,6.037200927734375,0.19957083463668823,0.9857856319631195,0.24343041457167253
6,0,point_thr_3,0.17013048635824438,0.017431320596848418,0.0006972528238739367,0.02097470499575138,8.66793441772461,0.2865346074104309,0.9825686794031516,0.33421876482307183
6,0,point_thr_4,0.21069988137603796,0.023983785609728633,0.0006755995946402432,0.0330456867814064,10.876755714416504,0.3595512807369232,0.9760162143902714,0.41115643677070485
6,0,point_thr_5,0.2517437722419929,0.030440109320516447,0.0009424182452172274,0.049106962978839874,13.219141960144043,0.4369831681251526,0.9695598906794836,0.48799924105872305
6,0,point_thr_6,0.29252669039145907,0.043065693430656936,0.0012165450121654502,0.06828509271144867,15.486370086669922,0.5119306445121765,0.9569343065693431,0.5596717578977327
6,0,point_thr_8,0.38754448398576513,0.08160391796755433,0.00226507499234772,0.1223067194223404,20.337848663330078,0.672305166721344,0.9183960820324457,0.7116023147708946
6,0,point_thr_10,0.47886120996441284,0.1341161315893777,0.0030221957986523978,0.1860780268907547,24.22079086303711,0.8006630539894104,0.8658838684106223,0.8290010435442557
6,1,oracle,0.4844546381243629,0.0,0.0,0.15055257081985474,29.011993408203125,1.0,1.0,1.0
6,1,persistence,0.4860068575664906,0.408332538850224,0.04919439412718086,0.35259750485420227,16.529024124145508,0.5697307586669922,0.591667461149776,0.5935631964038066
6,1,seasonal_naive_1d,0.4953433416736169,0.20434030213741172,0.006968804078387353,0.2194366306066513,22.893606185913086,0.7891083359718323,0.7956596978625883,0.8135431112811439
6,1,seasonal_mean_7d,0.45795107033639143,0.15966003945970558,0.003440076895836495,0.17930616438388824,22.032272338867188,0.7594195604324341,0.8403399605402945,0.7943666013103151
6,1,xgb_median,0.49159021406727826,0.16155332485036994,0.0026391441632499174,0.19707858562469482,23.914608001708984,0.8243008255958557,0.83844667514963,0.8507962316484147
6,1,xgb_conformal_a0.2,0.32995088499675657,0.06473809858165988,0.0011936525768852688,0.08962125331163406,17.068891525268555,0.5883391499519348,0.9352619014183401,0.636985318731768
6,1,xgb_conformal_a0.1,0.2576452599388379,0.034799028864310765,0.0006294397985792644,0.05303367227315903,13.260427474975586,0.4570671021938324,0.9652009711356893,0.513318349194204
6,1,xgb_conformal_a0.05,0.16678250393846725,0.015835532712876788,0.00041672454507570494,0.021594835445284843,8.212023735046387,0.28305619955062866,0.9841644672871233,0.33881689063172493
6,1,xgb_conformal_a0.01,0.0,,,0.0,0.0,0.0,,0.0
6,1,point_thr_1,0.0733249930497637,0.007898894154818325,0.0,0.0039476752281188965,3.4677093029022217,0.11952674388885498,0.9921011058451816,0.15016020276409545
6,1,point_thr_2,0.12475674172921879,0.013927576601671309,0.0005571030640668524,0.01087819505482912,5.95395565032959,0.205223947763443,0.9860724233983287,0.25393333652144806
6,1,point_thr_3,0.17164766935409137,0.018491024429747604,0.00040491294371710083,0.021883491426706314,8.585695266723633,0.29593607783317566,0.9815089755702524,0.34775955238869494
6,1,point_thr_4,0.21494764155314613,0.023388661349428755,0.0005389092476826903,0.03465326502919197,10.965902328491211,0.37797826528549194,0.9766113386505713,0.43331261058772896
6,1,point_thr_5,0.256255212677231,0.03534942591085797,0.0007232619112196004,0.051403388381004333,13.232198715209961,0.4560941159725189,0.964650574089142,0.5102577590741715
6,1,point_thr_6,0.2981419701603188,0.05120833009557852,0.0010878856165980264,0.07143678516149521,15.495158195495605,0.5340949892997742,0.9487916699044214,0.583903208837454
6,1,point_thr_8,0.39597812992308407,0.09735548794757781,0.001872220922068804,0.12795579433441162,20.273136138916016,0.6987846493721008,0.9026445120524221,0.7377935058103391
6,1,point_thr_10,0.49159021406727826,0.16155332485036994,0.0026391441632499174,0.19707858562469482,23.914608001708984,0.8243008255958557,0.83844667514963,0.8507962316484147
6,2,oracle,0.48742221474736314,0.0,0.0,0.15523730218410492,29.299779891967773,1.0,1.0,1.0
6,2,persistence,0.48701376708872923,0.4095214602861372,0.04627528367044894,0.361004114151001,16.644245147705078,0.5680672526359558,0.5904785397138629,0.5899837334253463
6,2,seasonal_naive_1d,0.48641310876720883,0.21007656211410225,0.008347740182761175,0.2221578061580658,22.268404006958008,0.7600194811820984,0.7899234378858978,0.7882880662493222
6,2,seasonal_mean_7d,0.4350688354436462,0.13309034680804063,0.004031367351446874,0.16346517205238342,21.6610107421875,0.7392891645431519,0.8669096531919593,0.7737960270123725
6,2,xgb_median,0.4908339540135989,0.1560526702237016,0.004160751872338343,0.19857212901115417,24.156246185302734,0.8244514465332031,0.8439473297762984,0.8498545866811258
6,2,xgb_conformal_a0.2,0.28567309771509575,0.04095878889823381,0.0007569386038687973,0.06362824887037277,14.879551887512207,0.5078383684158325,0.9590412111017662,0.5620840932616947
6,2,xgb_conformal_a0.1,0.21229667715816536,0.016749660479855138,0.0005658669081032141,0.03286994248628616,10.842819213867188,0.3700648844242096,0.9832503395201448,0.42825454724700546
6,2,xgb_conformal_a0.05,0.09363061915859783,0.001539645881447267,0.0,0.004718100186437368,4.125756740570068,0.14081186056137085,0.9984603541185527,0.1917977029624883
6,2,xgb_conformal_a0.01,0.0,,,0.0,0.0,0.0,,0.0
6,2,point_thr_1,0.07421734220705893,0.004855940433797346,0.0003237293622531564,0.003985936287790537,3.5509872436523438,0.1211950033903122,0.9951440595662027,0.151525607531917
6,2,point_thr_2,0.1318324884072944,0.008747949699289229,0.0005467468562055768,0.01068733911961317,6.323791980743408,0.21583068370819092,0.9912520503007107,0.26810272588357076
6,2,point_thr_3,0.17904423247879675,0.013955984970477724,0.0006709608158883522,0.02175445295870304,9.011255264282227,0.3075536787509918,0.9860440150295223,0.36220239562281265
6,2,point_thr_4,0.22582350255880446,0.02351313969571231,0.0006383657835939994,0.03743650019168854,11.626893997192383,0.39682528376579285,0.9764868603042877,0.4524079459752551
6,2,point_thr_5,0.26318445015737246,0.03396019718824174,0.0007303268212525105,0.05232680216431618,13.686127662658691,0.4671068489551544,0.9660398028117583,0.5216148272292601
6,2,point_thr_6,0.2990077124528483,0.04539975893933307,0.0008838891120932102,0.06919935345649719,15.645245552062988,0.5339714288711548,0.954600241060667,0.5855966875338887
6,2,point_thr_8,0.3954013598904399,0.0924834416965425,0.0018229324907334265,0.12679548561573029,20.42917251586914,0.6972466111183167,0.9075165583034575,0.7361857347069551
6,2,point_thr_10,0.4908339540135989,0.1560526702237016,0.004160751872338343,0.19857212901115417,24.156246185302734,0.8244514465332031,0.8439473297762984,0.8498545866811258
